Trial,Column_1,Column_2,Column_3,Column_4,Column_5,Column_6,Column_7,Column_8,Column_9,Column_10,Column_11,Column_12,Column_13,Column_14,Column_15,Column_16,Column_17,Column_18,Column_19,Column_20,Column_21,Column_22,Column_23,Column_24,Column_25,Column_26,Column_27,Column_28,Column_29,Column_30,Column_31,Column_32,Column_33,Column_34,Column_35,Column_36,Column_37,Column_38,Column_39,Column_40,Column_41,Column_42,Column_43,Column_44,Column_45,Column_46,Column_47,Column_48,Column_49,Column_50,Column_51,Column_52,Column_53,Column_54,Column_55,Column_56,Column_57,Column_58,Column_59,Column_60,Column_61,Column_62,Column_63,Column_64,Column_65,Column_66,Column_67,Column_68,Column_69,Column_70,Column_71,Column_72,Column_73,Column_74,Column_75,Column_76,Column_77,Column_78,Column_79,Column_80,Column_81
Trial_1,3730,3623,3556,3491,3431,3369,3309,3254,3204,3155,3108,3060,3016,2973,2937,2900,2859,2822,2787,2749,2718,2687,2658,2631,2602,2571,2542,2515,2489,2464,2440,2416,2390,2364,2342,2319,2300,2286,2265,2246,2233,2217,2199,2184,2166,2148,2132,2116,2099,2083,2070,2053,2038,2025,2009,1994,1981,1968,1954,1942,1929,1917,1904,1896,1883,1871,1860,1849,1837,1824,1814,1803,1793,1785,1774,1765,1756,1749,1740,1732,1723
Trial_2,3730,3611,3549,3485,3422,3360,3300,3246,3191,3142,3092,3047,3001,2957,2915,2875,2838,2801,2767,2728,2698,2664,2632,2600,2569,2539,2511,2488,2466,2444,2418,2393,2369,2344,2325,2303,2281,2263,2243,2223,2206,2187,2169,2149,2134,2116,2100,2082,2067,2051,2038,2023,2009,1994,1982,1974,1962,1950,1938,1925,1913,1903,1893,1883,1872,1860,1850,1841,1830,1820,1811,1799,1791,1783,1774,1762,1753,1745,1737,1728,1719
Trial_3,3730,3629,3558,3497,3437,3377,3326,3271,3222,3167,3123,3074,3032,2983,2941,2897,2856,2816,2781,2746,2709,2673,2641,2610,2578,2551,2526,2501,2475,2449,2424,2401,2378,2355,2333,2310,2290,2270,2251,2236,2216,2196,2177,2159,2144,2127,2110,2094,2078,2063,2048,2033,2021,2006,1993,1978,1964,1950,1938,1925,1914,1902,1891,1881,1869,1859,1847,1837,1828,1817,1808,1799,1788,1777,1767,1759,1751,1741,1732,1725,1716
Trial_4,3730,3627,3562,3495,3435,3371,3315,3259,3213,3161,3118,3071,3032,2987,2943,2902,2860,2822,2785,2751,2717,2686,2654,2622,2593,2568,2538,2514,2489,2469,2444,2419,2398,2375,2350,2326,2306,2284,2266,2248,2227,2208,2191,2172,2155,2138,2122,2105,2090,2075,2059,2044,2028,2015,2000,1986,1972,1960,1948,1937,1924,1916,1903,1893,1880,1868,1856,1847,1837,1825,1813,1804,1794,1784,1775,1765,1757,1748,1741,1733,1725
Trial_5,3730,3624,3554,3489,3426,3368,3315,3258,3205,3162,3112,3065,3019,2978,2936,2893,2856,2817,2781,2745,2714,2682,2650,2615,2587,2558,2534,2503,2478,2450,2426,2401,2377,2353,2333,2313,2291,2269,2247,2229,2210,2192,2173,2155,2138,2123,2107,2090,2076,2063,2047,2031,2018,2004,1989,1975,1963,1951,1941,1929,1915,1905,1891,1880,1868,1859,1847,1835,1827,1817,1806,1795,1786,1775,1766,1756,1747,1739,1729,1721,1713
Trial_6,3730,3638,3570,3508,3443,3381,3323,3267,3212,3163,3117,3071,3026,2985,2946,2905,2865,2831,2794,2759,2723,2689,2657,2623,2590,2562,2534,2505,2478,2453,2431,2405,2378,2357,2334,2313,2293,2273,2253,2235,2214,2196,2180,2163,2147,2127,2109,2092,2076,2062,2047,2033,2018,2006,1993,1979,1967,1955,1946,1934,1920,1906,1895,1883,1871,1860,1848,1836,1828,1817,1807,1798,1790,1780,1771,1762,1754,1746,1736,1728,1720
Trial_7,3730,3609,3546,3476,3419,3361,3302,3253,3202,3152,3101,3054,3014,2971,2928,2886,2849,2808,2770,2732,2701,2670,2638,2604,2577,2547,2519,2490,2463,2439,2415,2390,2369,2346,2324,2304,2283,2261,2243,2221,2203,2187,2169,2151,2132,2115,2099,2083,2070,2055,2042,2028,2013,1999,1984,1971,1958,1946,1933,1920,1907,1901,1890,1878,1865,1853,1846,1834,1823,1813,1802,1791,1781,1771,1762,1753,1745,1737,1729,1721,1712
Trial_8,3730,3638,3566,3500,3437,3375,3316,3258,3208,3155,3105,3062,3016,2976,2934,2895,2859,2822,2784,2749,2720,2691,2658,2626,2597,2565,2538,2511,2483,2455,2429,2405,2380,2357,2332,2311,2289,2267,2245,2226,2206,2188,2174,2156,2138,2121,2106,2090,2073,2057,2042,2027,2014,1999,1988,1974,1962,1951,1940,1926,1914,1902,1890,1878,1868,1856,1845,1833,1822,1812,1804,1795,1784,1777,1768,1758,1750,1743,1733,1723,1714
Trial_9,3730,3630,3561,3495,3430,3371,3315,3262,3209,3158,3108,3065,3016,2971,2927,2886,2853,2817,2780,2744,2707,2673,2643,2614,2584,2555,2527,2500,2474,2448,2425,2402,2380,2355,2333,2311,2291,2268,2249,2232,2213,2193,2175,2158,2140,2124,2109,2093,2076,2059,2046,2033,2019,2004,1992,1981,1967,1953,1940,1928,1917,1907,1896,1883,1872,1860,1849,1842,1830,1820,1810,1800,1790,1783,1773,1764,1755,1746,1737,1730,1720
Trial_10,3730,3632,3563,3496,3430,3371,3316,3262,3209,3154,3105,3060,3014,2969,2929,2891,2850,2812,2776,2742,2711,2677,2645,2614,2584,2554,2525,2501,2478,2452,2426,2400,2375,2354,2329,2311,2289,2268,2248,2228,2209,2193,2174,2157,2139,2121,2107,2088,2071,2055,2040,2026,2011,1996,1984,1973,1960,1949,1934,1921,1909,1897,1885,1877,1866,1855,1846,1834,1822,1811,1801,1790,1781,1772,1762,1752,1742,1734,1726,1718,1709
Trial_11,3730,3618,3550,3489,3428,3365,3303,3259,3209,3155,3104,3060,3014,2974,2936,2893,2852,2814,2778,2744,2711,2679,2647,2616,2587,2558,2529,2502,2474,2447,2425,2402,2378,2353,2332,2314,2295,2273,2258,2237,2216,2198,2182,2165,2146,2127,2110,2094,2077,2060,2044,2032,2020,2006,1992,1979,1967,1955,1943,1931,1918,1905,1895,1882,1869,1859,1847,1837,1825,1814,1803,1792,1784,1775,1765,1754,1746,1736,1728,1720,1711
Trial_12,3730,3619,3552,3484,3424,3362,3308,3263,3212,3164,3118,3068,3021,2986,2947,2908,2872,2835,2799,2767,2733,2699,2663,2631,2606,2577,2550,2524,2496,2468,2442,2416,2390,2367,2344,2321,2301,2278,2261,2241,2222,2204,2185,2168,2152,2137,2121,2104,2089,2071,2055,2041,2027,2011,1998,1984,1970,1958,1945,1933,1922,1909,1897,1886,1873,1861,1850,1838,1828,1817,1805,1795,1785,1776,1768,1759,1749,1740,1733,1725,1717
Trial_13,3730,3623,3554,3487,3429,3369,3311,3257,3204,3156,3107,3057,3013,2967,2926,2883,2844,2807,2773,2748,2713,2678,2648,2617,2586,2557,2530,2503,2476,2449,2427,2401,2377,2351,2330,2308,2285,2264,2245,2225,2206,2186,2168,2149,2130,2112,2096,2080,2066,2051,2038,2023,2008,1994,1980,1966,1953,1939,1928,1916,1905,1892,1881,1869,1858,1848,1837,1829,1820,1810,1800,1791,1782,1773,1763,1755,1745,1736,1729,1721,1714
Trial_14,3730,3622,3551,3486,3426,3365,3306,3252,3196,3148,3105,3061,3015,2971,2931,2889,2848,2809,2772,2736,2705,2671,2640,2608,2583,2554,2525,2499,2470,2446,2420,2397,2372,2347,2324,2301,2280,2260,2239,2223,2202,2184,2164,2146,2129,2111,2096,2080,2065,2049,2035,2019,2005,1990,1979,1965,1951,1938,1926,1912,1899,1890,1880,1868,1855,1845,1834,1826,1816,1806,1796,1788,1780,1770,1759,1752,1744,1737,1728,1719,1711
Trial_15,3730,3633,3570,3504,3451,3389,3330,3271,3216,3163,3114,3067,3020,2976,2935,2896,2854,2817,2780,2745,2711,2677,2648,2617,2585,2556,2526,2502,2476,2449,2424,2401,2377,2356,2332,2310,2290,2268,2249,2231,2213,2195,2177,2158,2139,2121,2108,2092,2077,2061,2047,2036,2024,2010,1997,1984,1971,1957,1944,1931,1920,1906,1894,1880,1868,1857,1844,1834,1824,1814,1802,1793,1783,1773,1764,1754,1746,1736,1726,1719,1710
Trial_16,3730,3642,3578,3519,3455,3393,3334,3274,3217,3164,3115,3067,3018,2974,2932,2897,2861,2824,2787,2752,2718,2683,2651,2619,2589,2564,2537,2510,2482,2458,2433,2407,2384,2361,2340,2316,2294,2274,2252,2232,2212,2195,2177,2160,2141,2123,2107,2090,2073,2058,2046,2033,2019,2006,1992,1977,1964,1950,1938,1926,1916,1903,1891,1879,1867,1855,1844,1835,1824,1815,1804,1794,1787,1779,1771,1763,1754,1745,1737,1727,1718
Trial_17,3730,3611,3548,3484,3426,3367,3314,3256,3207,3156,3105,3056,3012,2968,2923,2883,2843,2804,2769,2733,2697,2666,2640,2609,2582,2555,2527,2501,2474,2449,2423,2398,2375,2355,2331,2311,2289,2270,2251,2229,2210,2189,2171,2152,2134,2119,2102,2086,2072,2056,2040,2023,2008,1994,1979,1966,1953,1938,1926,1914,1901,1889,1879,1867,1858,1847,1835,1825,1814,1805,1796,1788,1778,1769,1760,1754,1745,1736,1727,1720,1711
Trial_18,3730,3628,3562,3496,3430,3371,3316,3264,3215,3166,3116,3070,3022,2978,2935,2896,2856,2822,2786,2751,2715,2683,2652,2620,2588,2558,2530,2502,2475,2452,2427,2401,2377,2356,2335,2313,2293,2275,2255,2236,2217,2201,2180,2162,2149,2132,2115,2097,2081,2065,2049,2033,2021,2009,1996,1982,1968,1954,1940,1927,1915,1903,1893,1885,1874,1863,1856,1844,1832,1823,1813,1804,1793,1785,1780,1771,1761,1752,1742,1735,1729
Trial_19,3730,3630,3564,3509,3450,3388,3331,3273,3220,3170,3120,3076,3034,2990,2945,2905,2866,2827,2791,2754,2719,2683,2654,2624,2594,2566,2540,2510,2483,2458,2432,2406,2385,2363,2339,2317,2295,2273,2252,2234,2214,2195,2174,2160,2143,2125,2110,2092,2078,2062,2048,2031,2018,2002,1989,1976,1964,1954,1940,1930,1918,1906,1894,1882,1869,1859,1847,1835,1826,1816,1805,1796,1787,1779,1770,1761,1753,1743,1736,1728,1720
Trial_20,3730,3635,3572,3507,3445,3388,3337,3280,3225,3174,3126,3085,3040,2995,2953,2918,2877,2840,2802,2769,2737,2708,2677,2645,2615,2586,2557,2531,2502,2475,2448,2424,2399,2374,2349,2327,2306,2285,2264,2243,2223,2204,2185,2169,2153,2137,2120,2107,2090,2077,2060,2046,2031,2018,2003,1989,1975,1965,1954,1941,1930,1922,1910,1898,1888,1875,1864,1853,1843,1832,1821,1811,1802,1793,1782,1773,1765,1759,1752,1743,1735
